log_path,executed_notebook_path,batch_root,date_time,batch_id,execution_number,run_id,dataset_id,notebook_name,software,model_class,accuracy,precision,recall,f1_score,loss,roc_auc,pr_auc,tn,fp,fn,tp,fpr,fnr,n_params,trainable_params,macs_per_sample,model_size_MB,throughput_samples_per_sec,Throughput,thouput,gpu_peak_MB,elapsed_sec,n_test_samples,checkpoint_path,run_dir,macs_estimation_note,tracking_note
E:\RECUPERACAO_HD\arm_arc - Paper ICC\CNSM_2026\results\batches\batch_20260630_135112\logs\batch_20260630_135112_exec001_1BLSTM_cjpeg-rose7-preset.txt,E:\RECUPERACAO_HD\arm_arc - Paper ICC\CNSM_2026\results\batches\batch_20260630_135112\executed_notebooks\batch_20260630_135112_exec001_1BLSTM_cjpeg-rose7-preset_executed.ipynb,E:\RECUPERACAO_HD\arm_arc - Paper ICC\CNSM_2026\results\batches\batch_20260630_135112,2026-06-30T13:51:49,batch_20260630_135112,1,batch_20260630_135112_exec001_1BLSTM_cjpeg-rose7-preset,manual_stage0_dataset,1BLSTM.ipynb,cjpeg-rose7-preset.exe,BLSTM,0.5494155154091392,0.581668625146886,0.3508150248051027,0.4376657824933687,0.674944040752496,0.6060694201568815,0.6070389765451872,1056,356,916,495,0.2521246458923513,0.6491849751948973,42625,42625,,0.1655731201171875,38844.17475173955,38844.17475173955,38844.17475173955,69.2900390625,,2823,E:\RECUPERACAO_HD\arm_arc - Paper ICC\CNSM_2026\results\batches\batch_20260630_135112\runs\exec001_1BLSTM_cjpeg-rose7-preset\model\checkpoint_state_dict.pth,E:\RECUPERACAO_HD\arm_arc - Paper ICC\CNSM_2026\results\batches\batch_20260630_135112\runs\exec001_1BLSTM_cjpeg-rose7-preset,not_available_without_extra_forward_pass_existing_evaluation_only,Saved from metrics already computed by the notebook; no additional test-loader evaluation was executed.
E:\RECUPERACAO_HD\arm_arc - Paper ICC\CNSM_2026\results\batches\batch_20260702_232719\logs\batch_20260702_232719_exec001_1BLSTM_cjpeg-rose7-preset.txt,E:\RECUPERACAO_HD\arm_arc - Paper ICC\CNSM_2026\results\batches\batch_20260702_232719\executed_notebooks\batch_20260702_232719_exec001_1BLSTM_cjpeg-rose7-preset_executed.ipynb,E:\RECUPERACAO_HD\arm_arc - Paper ICC\CNSM_2026\results\batches\batch_20260702_232719,2026-07-02T23:27:56,batch_20260702_232719,1,batch_20260702_232719_exec001_1BLSTM_cjpeg-rose7-preset,manual_stage0_dataset,1BLSTM.ipynb,cjpeg-rose7-preset.exe,BLSTM,0.5494155154091392,0.581668625146886,0.3508150248051027,0.4376657824933687,0.674944040752496,0.6060694201568815,0.6070389765451872,1056,356,916,495,0.2521246458923513,0.6491849751948973,42625,42625,,0.1655731201171875,42442.03079062732,42442.03079062732,42442.03079062732,69.2900390625,,2823,E:\RECUPERACAO_HD\arm_arc - Paper ICC\CNSM_2026\results\batches\batch_20260702_232719\runs\exec001_1BLSTM_cjpeg-rose7-preset\model\checkpoint_state_dict.pth,E:\RECUPERACAO_HD\arm_arc - Paper ICC\CNSM_2026\results\batches\batch_20260702_232719\runs\exec001_1BLSTM_cjpeg-rose7-preset,not_available_without_extra_forward_pass_existing_evaluation_only,Saved from metrics already computed by the notebook; no additional test-loader evaluation was executed.
C:\CNSM_2026\results\batches\batch_20260702_234319\logs\batch_20260702_234319_exec001_1BLSTM_cjpeg-rose7-preset.txt,C:\CNSM_2026\results\batches\batch_20260702_234319\executed_notebooks\batch_20260702_234319_exec001_1BLSTM_cjpeg-rose7-preset_executed.ipynb,C:\CNSM_2026\results\batches\batch_20260702_234319,2026-07-02T23:43:53,batch_20260702_234319,1,batch_20260702_234319_exec001_1BLSTM_cjpeg-rose7-preset,manual_stage0_dataset,1BLSTM.ipynb,cjpeg-rose7-preset.exe,BLSTM,0.5494155154091392,0.581668625146886,0.3508150248051027,0.4376657824933687,0.674944040752496,0.6060694201568815,0.6070389765451872,1056,356,916,495,0.2521246458923513,0.6491849751948973,42625,42625,,0.1655731201171875,41116.62925125185,41116.62925125185,41116.62925125185,69.2900390625,,2823,C:\CNSM_2026\results\batches\batch_20260702_234319\runs\exec001_1BLSTM_cjpeg-rose7-preset\model\checkpoint_state_dict.pth,C:\CNSM_2026\results\batches\batch_20260702_234319\runs\exec001_1BLSTM_cjpeg-rose7-preset,not_available_without_extra_forward_pass_existing_evaluation_only,Saved from metrics already computed by the notebook; no additional test-loader evaluation was executed.
C:\CNSM_2026\results\batches\batch_20260702_234319\logs\batch_20260702_234319_exec002_1BLSTM_core.txt,C:\CNSM_2026\results\batches\batch_20260702_234319\executed_notebooks\batch_20260702_234319_exec002_1BLSTM_core_executed.ipynb,C:\CNSM_2026\results\batches\batch_20260702_234319,2026-07-03T01:43:12,batch_20260702_234319,2,batch_20260702_234319_exec002_1BLSTM_core,manual_stage0_dataset,1BLSTM.ipynb,core.exe,BLSTM,0.9125670035088498,0.9115425171941642,0.8508542551159819,0.8801534837778284,0.291852765026565,0.9658792896307492,0.9545440950066856,213419,11241,20305,115837,0.050035609365263,0.1491457448840181,42625,42625,,0.1655731201171875,37030.66519387071,37030.66519387071,37030.66519387071,69.2900390625,,360802,C:\CNSM_2026\results\batches\batch_20260702_234319\runs\exec002_1BLSTM_core\model\checkpoint_state_dict.pth,C:\CNSM_2026\results\batches\batch_20260702_234319\runs\exec002_1BLSTM_core,not_available_without_extra_forward_pass_existing_evaluation_only,Saved from metrics already computed by the notebook; no additional test-loader evaluation was executed.
C:\CNSM_2026\results\batches\batch_20260702_234319\logs\batch_20260702_234319_exec003_1BLSTM_linear_alg-mid-100x100-sp.txt,C:\CNSM_2026\results\batches\batch_20260702_234319\executed_notebooks\batch_20260702_234319_exec003_1BLSTM_linear_alg-mid-100x100-sp_executed.ipynb,C:\CNSM_2026\results\batches\batch_20260702_234319,2026-07-03T01:43:24,batch_20260702_234319,3,batch_20260702_234319_exec003_1BLSTM_linear_alg-mid-100x100-sp,manual_stage0_dataset,1BLSTM.ipynb,linear_alg-mid-100x100-sp.exe,BLSTM,0.7622641509433963,0.5272727272727272,0.4393939393939394,0.4793388429752066,0.965777027382041,0.6608040201005025,0.4909770379587124,173,26,37,29,0.1306532663316583,0.5606060606060606,42625,42625,,0.1655731201171875,37866.33597928662,37866.33597928662,37866.33597928662,69.2900390625,,265,C:\CNSM_2026\results\batches\batch_20260702_234319\runs\exec003_1BLSTM_linear_alg-mid-100x100-sp\model\checkpoint_state_dict.pth,C:\CNSM_2026\results\batches\batch_20260702_234319\runs\exec003_1BLSTM_linear_alg-mid-100x100-sp,not_available_without_extra_forward_pass_existing_evaluation_only,Saved from metrics already computed by the notebook; no additional test-loader evaluation was executed.
C:\CNSM_2026\results\batches\batch_20260702_234319\logs\batch_20260702_234319_exec004_1BLSTM_loops-all-mid-10k-sp.txt,C:\CNSM_2026\results\batches\batch_20260702_234319\executed_notebooks\batch_20260702_234319_exec004_1BLSTM_loops-all-mid-10k-sp_executed.ipynb,C:\CNSM_2026\results\batches\batch_20260702_234319,2026-07-03T01:43:45,batch_20260702_234319,4,batch_20260702_234319_exec004_1BLSTM_loops-all-mid-10k-sp,manual_stage0_dataset,1BLSTM.ipynb,loops-all-mid-10k-sp.exe,BLSTM,0.5776782638649672,0.4422413793103448,0.4697802197802198,0.455595026642984,0.8542649373489127,0.5760295750632581,0.4676336640943492,1164,647,579,513,0.3572611816675869,0.5302197802197802,42625,42625,,0.1655731201171875,36374.80100018223,36374.80100018223,36374.80100018223,69.2900390625,,2903,C:\CNSM_2026\results\batches\batch_20260702_234319\runs\exec004_1BLSTM_loops-all-mid-10k-sp\model\checkpoint_state_dict.pth,C:\CNSM_2026\results\batches\batch_20260702_234319\runs\exec004_1BLSTM_loops-all-mid-10k-sp,not_available_without_extra_forward_pass_existing_evaluation_only,Saved from metrics already computed by the notebook; no additional test-loader evaluation was executed.
C:\CNSM_2026\results\batches\batch_20260702_234319\logs\batch_20260702_234319_exec005_1BLSTM_nnet_test.txt,C:\CNSM_2026\results\batches\batch_20260702_234319\executed_notebooks\batch_20260702_234319_exec005_1BLSTM_nnet_test_executed.ipynb,C:\CNSM_2026\results\batches\batch_20260702_234319,2026-07-03T01:43:58,batch_20260702_234319,5,batch_20260702_234319_exec005_1BLSTM_nnet_test,manual_stage0_dataset,1BLSTM.ipynb,nnet_test.exe,BLSTM,0.4977355072463768,0.4930811808118081,0.9907321594068582,0.6584539574992301,0.7080285981081534,0.5024483024418995,0.4989926027760814,30,1099,10,1069,0.9734278122232064,0.0092678405931417,42625,42625,,0.1655731201171875,35502.57128289663,35502.57128289663,35502.57128289663,58.5087890625,,2208,C:\CNSM_2026\results\batches\batch_20260702_234319\runs\exec005_1BLSTM_nnet_test\model\checkpoint_state_dict.pth,C:\CNSM_2026\results\batches\batch_20260702_234319\runs\exec005_1BLSTM_nnet_test,not_available_without_extra_forward_pass_existing_evaluation_only,Saved from metrics already computed by the notebook; no additional test-loader evaluation was executed.
C:\CNSM_2026\results\batches\batch_20260702_234319\logs\batch_20260702_234319_exec006_1BLSTM_parser-125k.txt,C:\CNSM_2026\results\batches\batch_20260702_234319\executed_notebooks\batch_20260702_234319_exec006_1BLSTM_parser-125k_executed.ipynb,C:\CNSM_2026\results\batches\batch_20260702_234319,2026-07-03T01:44:18,batch_20260702_234319,6,batch_20260702_234319_exec006_1BLSTM_parser-125k,manual_stage0_dataset,1BLSTM.ipynb,parser-125k.exe,BLSTM,0.590818363273453,0.5580524344569289,0.6313559322033898,0.5924453280318092,0.7126943511877232,0.6347537575951391,0.588565470474231,147,118,87,149,0.4452830188679245,0.3686440677966102,42625,42625,,0.1655731201171875,33223.91702504427,33223.91702504427,33223.91702504427,58.5087890625,,501,C:\CNSM_2026\results\batches\batch_20260702_234319\runs\exec006_1BLSTM_parser-125k\model\checkpoint_state_dict.pth,C:\CNSM_2026\results\batches\batch_20260702_234319\runs\exec006_1BLSTM_parser-125k,not_available_without_extra_forward_pass_existing_evaluation_only,Saved from metrics already computed by the notebook; no additional test-loader evaluation was executed.
C:\CNSM_2026\results\batches\batch_20260702_234319\logs\batch_20260702_234319_exec007_1BLSTM_radix2-big-64k.txt,C:\CNSM_2026\results\batches\batch_20260702_234319\executed_notebooks\batch_20260702_234319_exec007_1BLSTM_radix2-big-64k_executed.ipynb,C:\CNSM_2026\results\batches\batch_20260702_234319,2026-07-03T01:45:24,batch_20260702_234319,7,batch_20260702_234319_exec007_1BLSTM_radix2-big-64k,manual_stage0_dataset,1BLSTM.ipynb,radix2-big-64k.exe,BLSTM,0.5259784535660712,0.4335311572700296,0.4824966974900925,0.4567052203813692,0.8135738350612542,0.5253805365945715,0.4276205401719958,2396,1909,1567,1461,0.443437862950058,0.5175033025099075,42625,42625,,0.1655731201171875,36505.281386678944,36505.281386678944,36505.281386678944,69.2900390625,,7333,C:\CNSM_2026\results\batches\batch_20260702_234319\runs\exec007_1BLSTM_radix2-big-64k\model\checkpoint_state_dict.pth,C:\CNSM_2026\results\batches\batch_20260702_234319\runs\exec007_1BLSTM_radix2-big-64k,not_available_without_extra_forward_pass_existing_evaluation_only,Saved from metrics already computed by the notebook; no additional test-loader evaluation was executed.
C:\CNSM_2026\results\batches\batch_20260702_234319\logs\batch_20260702_234319_exec008_1BLSTM_sha-test.txt,C:\CNSM_2026\results\batches\batch_20260702_234319\executed_notebooks\batch_20260702_234319_exec008_1BLSTM_sha-test_executed.ipynb,C:\CNSM_2026\results\batches\batch_20260702_234319,2026-07-03T01:45:31,batch_20260702_234319,8,batch_20260702_234319_exec008_1BLSTM_sha-test,manual_stage0_dataset,1BLSTM.ipynb,sha-test.exe,BLSTM,0.5384615384615384,0.4166666666666667,0.6730769230769231,0.5147058823529411,0.8657549382089735,0.606403212172443,0.4366197478346613,42,49,17,35,0.5384615384615384,0.3269230769230769,42625,42625,,0.1655731201171875,35752.59132093467,35752.59132093467,35752.59132093467,69.2900390625,,143,C:\CNSM_2026\results\batches\batch_20260702_234319\runs\exec008_1BLSTM_sha-test\model\checkpoint_state_dict.pth,C:\CNSM_2026\results\batches\batch_20260702_234319\runs\exec008_1BLSTM_sha-test,not_available_without_extra_forward_pass_existing_evaluation_only,Saved from metrics already computed by the notebook; no additional test-loader evaluation was executed.
C:\CNSM_2026\results\batches\batch_20260702_234319\logs\batch_20260702_234319_exec009_1BLSTM_zip-test.txt,C:\CNSM_2026\results\batches\batch_20260702_234319\executed_notebooks\batch_20260702_234319_exec009_1BLSTM_zip-test_executed.ipynb,C:\CNSM_2026\results\batches\batch_20260702_234319,2026-07-03T01:45:44,batch_20260702_234319,9,batch_20260702_234319_exec009_1BLSTM_zip-test,manual_stage0_dataset,1BLSTM.ipynb,zip-test.exe,BLSTM,0.9823151125401928,0.9983050847457628,0.98330550918197,0.990748528174937,0.0057434735829956,0.998403135660884,0.9999377326524654,22,1,10,589,0.0434782608695652,0.01669449081803,42625,42625,,0.1655731201171875,36379.13750644932,36379.13750644932,36379.13750644932,45.7626953125,,622,C:\CNSM_2026\results\batches\batch_20260702_234319\runs\exec009_1BLSTM_zip-test\model\checkpoint_state_dict.pth,C:\CNSM_2026\results\batches\batch_20260702_234319\runs\exec009_1BLSTM_zip-test,not_available_without_extra_forward_pass_existing_evaluation_only,Saved from metrics already computed by the notebook; no additional test-loader evaluation was executed.
C:\CNSM_2026\results\batches\batch_20260702_234319\logs\batch_20260702_234319_exec010_2Dense_cjpeg-rose7-preset.txt,C:\CNSM_2026\results\batches\batch_20260702_234319\executed_notebooks\batch_20260702_234319_exec010_2Dense_cjpeg-rose7-preset_executed.ipynb,C:\CNSM_2026\results\batches\batch_20260702_234319,2026-07-03T01:46:27,batch_20260702_234319,10,batch_20260702_234319_exec010_2Dense_cjpeg-rose7-preset,manual_stage0_dataset,2Dense.ipynb,cjpeg-rose7-preset.exe,DNN99,0.9514700673042862,0.9642857142857144,0.9376328844790928,0.9507725476104922,0.1622457354733,0.9897650090446772,0.9903911772460644,1363,49,88,1323,0.0347025495750708,0.0623671155209071,81378,81378,,0.3233680725097656,36037.83865253624,36037.83865253624,36037.83865253624,18.5751953125,0.0783343315124511,2823,C:\CNSM_2026\results\batches\batch_20260702_234319\runs\exec010_2Dense_cjpeg-rose7-preset\model\checkpoint_state_dict.pth,C:\CNSM_2026\results\batches\batch_20260702_234319\runs\exec010_2Dense_cjpeg-rose7-preset,not_available_without_extra_forward_pass_existing_evaluation_only,Saved from metrics already computed by the notebook; no additional test-loader evaluation was executed.
C:\CNSM_2026\results\batches\batch_20260702_234319\logs\batch_20260702_234319_exec011_2Dense_core.txt,C:\CNSM_2026\results\batches\batch_20260702_234319\executed_notebooks\batch_20260702_234319_exec011_2Dense_core_executed.ipynb,C:\CNSM_2026\results\batches\batch_20260702_234319,2026-07-03T02:55:46,batch_20260702_234319,11,batch_20260702_234319_exec011_2Dense_core,manual_stage0_dataset,2Dense.ipynb,core.exe,DNN99,0.9884867600512192,0.9891415526467928,0.9802485639993536,0.9846749797092894,0.0328258880098999,0.9993954832277536,0.9990273311426934,223195,1465,2689,133453,0.0065209650137986,0.0197514360006463,81378,81378,,0.3233680725097656,37142.71914491942,37142.71914491942,37142.71914491942,18.5751953125,9.71393609046936,360802,C:\CNSM_2026\results\batches\batch_20260702_234319\runs\exec011_2Dense_core\model\checkpoint_state_dict.pth,C:\CNSM_2026\results\batches\batch_20260702_234319\runs\exec011_2Dense_core,not_available_without_extra_forward_pass_existing_evaluation_only,Saved from metrics already computed by the notebook; no additional test-loader evaluation was executed.
C:\CNSM_2026\results\batches\batch_20260702_234319\logs\batch_20260702_234319_exec012_2Dense_linear_alg-mid-100x100-sp.txt,C:\CNSM_2026\results\batches\batch_20260702_234319\executed_notebooks\batch_20260702_234319_exec012_2Dense_linear_alg-mid-100x100-sp_executed.ipynb,C:\CNSM_2026\results\batches\batch_20260702_234319,2026-07-03T02:55:54,batch_20260702_234319,12,batch_20260702_234319_exec012_2Dense_linear_alg-mid-100x100-sp,manual_stage0_dataset,2Dense.ipynb,linear_alg-mid-100x100-sp.exe,DNN99,0.9132075471698112,0.864406779661017,0.7727272727272727,0.816,0.2275191290198632,0.9527181361352216,0.8985525200659809,191,8,15,51,0.0402010050251256,0.2272727272727272,81378,81378,,0.3233680725097656,36859.24589620295,36859.24589620295,36859.24589620295,18.5751953125,0.0071895122528076,265,C:\CNSM_2026\results\batches\batch_20260702_234319\runs\exec012_2Dense_linear_alg-mid-100x100-sp\model\checkpoint_state_dict.pth,C:\CNSM_2026\results\batches\batch_20260702_234319\runs\exec012_2Dense_linear_alg-mid-100x100-sp,not_available_without_extra_forward_pass_existing_evaluation_only,Saved from metrics already computed by the notebook; no additional test-loader evaluation was executed.
C:\CNSM_2026\results\batches\batch_20260702_234319\logs\batch_20260702_234319_exec013_2Dense_loops-all-mid-10k-sp.txt,C:\CNSM_2026\results\batches\batch_20260702_234319\executed_notebooks\batch_20260702_234319_exec013_2Dense_loops-all-mid-10k-sp_executed.ipynb,C:\CNSM_2026\results\batches\batch_20260702_234319,2026-07-03T02:57:24,batch_20260702_234319,13,batch_20260702_234319_exec013_2Dense_loops-all-mid-10k-sp,manual_stage0_dataset,2Dense.ipynb,loops-all-mid-10k-sp.exe,DNN99,0.9211160868067516,0.9105613701236918,0.8763736263736264,0.8931404573028465,0.3777020484712097,0.9700535292059312,0.9564318206044876,1717,94,135,957,0.0519050248481501,0.1236263736263736,81378,81378,,0.3233680725097656,31212.51496275333,31212.51496275333,31212.51496275333,18.5751953125,0.0930075645446777,2903,C:\CNSM_2026\results\batches\batch_20260702_234319\runs\exec013_2Dense_loops-all-mid-10k-sp\model\checkpoint_state_dict.pth,C:\CNSM_2026\results\batches\batch_20260702_234319\runs\exec013_2Dense_loops-all-mid-10k-sp,not_available_without_extra_forward_pass_existing_evaluation_only,Saved from metrics already computed by the notebook; no additional test-loader evaluation was executed.
C:\CNSM_2026\results\batches\batch_20260702_234319\logs\batch_20260702_234319_exec014_2Dense_nnet_test.txt,C:\CNSM_2026\results\batches\batch_20260702_234319\executed_notebooks\batch_20260702_234319_exec014_2Dense_nnet_test_executed.ipynb,C:\CNSM_2026\results\batches\batch_20260702_234319,2026-07-03T02:58:35,batch_20260702_234319,14,batch_20260702_234319_exec014_2Dense_nnet_test,manual_stage0_dataset,2Dense.ipynb,nnet_test.exe,DNN99,0.4361413043478261,0.4256272401433691,0.4402224281742354,0.4328018223234624,1.533130494580753,0.4826439367882377,0.5398599755582403,488,641,604,475,0.5677590788308238,0.5597775718257646,69346,69346,,0.2774696350097656,34483.23031210205,34483.23031210205,34483.23031210205,18.38623046875,0.0640311241149902,2208,C:\CNSM_2026\results\batches\batch_20260702_234319\runs\exec014_2Dense_nnet_test\model\checkpoint_state_dict.pth,C:\CNSM_2026\results\batches\batch_20260702_234319\runs\exec014_2Dense_nnet_test,not_available_without_extra_forward_pass_existing_evaluation_only,Saved from metrics already computed by the notebook; no additional test-loader evaluation was executed.
C:\CNSM_2026\results\batches\batch_20260702_234319\logs\batch_20260702_234319_exec015_2Dense_parser-125k.txt,C:\CNSM_2026\results\batches\batch_20260702_234319\executed_notebooks\batch_20260702_234319_exec015_2Dense_parser-125k_executed.ipynb,C:\CNSM_2026\results\batches\batch_20260702_234319,2026-07-03T02:58:53,batch_20260702_234319,15,batch_20260702_234319_exec015_2Dense_parser-125k,manual_stage0_dataset,2Dense.ipynb,parser-125k.exe,DNN99,0.5548902195608783,0.5296803652968036,0.4915254237288136,0.5098901098901099,1.7285598968555351,0.5957147425647585,0.5554048924484497,162,103,120,116,0.3886792452830189,0.5084745762711864,69346,69346,,0.2774696350097656,35607.589792252686,35607.589792252686,35607.589792252686,18.38623046875,0.0140700340270996,501,C:\CNSM_2026\results\batches\batch_20260702_234319\runs\exec015_2Dense_parser-125k\model\checkpoint_state_dict.pth,C:\CNSM_2026\results\batches\batch_20260702_234319\runs\exec015_2Dense_parser-125k,not_available_without_extra_forward_pass_existing_evaluation_only,Saved from metrics already computed by the notebook; no additional test-loader evaluation was executed.
C:\CNSM_2026\results\batches\batch_20260702_234319\logs\batch_20260702_234319_exec016_2Dense_radix2-big-64k.txt,C:\CNSM_2026\results\batches\batch_20260702_234319\executed_notebooks\batch_20260702_234319_exec016_2Dense_radix2-big-64k_executed.ipynb,C:\CNSM_2026\results\batches\batch_20260702_234319,2026-07-03T03:02:28,batch_20260702_234319,16,batch_20260702_234319_exec016_2Dense_radix2-big-64k,manual_stage0_dataset,2Dense.ipynb,radix2-big-64k.exe,DNN99,0.9605891176871676,0.9631383158606696,0.940554821664465,0.9517126148705096,0.1176466370954856,0.9938854086597102,0.9922798584226682,4196,109,180,2848,0.0253193960511033,0.059445178335535,81378,81378,,0.3233680725097656,34743.78476515594,34743.78476515594,34743.78476515594,18.5751953125,0.2110593318939209,7333,C:\CNSM_2026\results\batches\batch_20260702_234319\runs\exec016_2Dense_radix2-big-64k\model\checkpoint_state_dict.pth,C:\CNSM_2026\results\batches\batch_20260702_234319\runs\exec016_2Dense_radix2-big-64k,not_available_without_extra_forward_pass_existing_evaluation_only,Saved from metrics already computed by the notebook; no additional test-loader evaluation was executed.
C:\CNSM_2026\results\batches\batch_20260702_234319\logs\batch_20260702_234319_exec017_2Dense_sha-test.txt,C:\CNSM_2026\results\batches\batch_20260702_234319\executed_notebooks\batch_20260702_234319_exec017_2Dense_sha-test_executed.ipynb,C:\CNSM_2026\results\batches\batch_20260702_234319,2026-07-03T03:02:36,batch_20260702_234319,17,batch_20260702_234319_exec017_2Dense_sha-test,manual_stage0_dataset,2Dense.ipynb,sha-test.exe,DNN99,0.8601398601398601,0.7962962962962963,0.8269230769230769,0.8113207547169812,0.5569693333619125,0.893279797125951,0.7765641008292615,80,11,9,43,0.1208791208791208,0.173076923076923,81378,81378,,0.3233680725097656,28235.82864137087,28235.82864137087,28235.82864137087,18.5751953125,0.0050644874572753,143,C:\CNSM_2026\results\batches\batch_20260702_234319\runs\exec017_2Dense_sha-test\model\checkpoint_state_dict.pth,C:\CNSM_2026\results\batches\batch_20260702_234319\runs\exec017_2Dense_sha-test,not_available_without_extra_forward_pass_existing_evaluation_only,Saved from metrics already computed by the notebook; no additional test-loader evaluation was executed.
C:\CNSM_2026\results\batches\batch_20260702_234319\logs\batch_20260702_234319_exec019_3CNN_LSTM_cjpeg-rose7-preset.txt,C:\CNSM_2026\results\batches\batch_20260702_234319\executed_notebooks\batch_20260702_234319_exec019_3CNN_LSTM_cjpeg-rose7-preset_executed.ipynb,C:\CNSM_2026\results\batches\batch_20260702_234319,2026-07-03T03:04:10,batch_20260702_234319,19,batch_20260702_234319_exec019_3CNN_LSTM_cjpeg-rose7-preset,manual_stage0_dataset,3CNN_LSTM.ipynb,cjpeg-rose7-preset.exe,ROPModelB,0.7676230959971662,0.7879481311975591,0.7321048901488306,0.7590007347538574,43.74122357368469,0.8452833162344429,0.852829471581573,1134,278,378,1033,0.1968838526912181,0.2678951098511694,43026,43026,,0.1670379638671875,,,,,0.1011421680450439,2823,C:\CNSM_2026\results\batches\batch_20260702_234319\runs\exec019_3CNN_LSTM_cjpeg-rose7-preset\model\checkpoint_state_dict.pth,C:\CNSM_2026\results\batches\batch_20260702_234319\runs\exec019_3CNN_LSTM_cjpeg-rose7-preset,not_available_without_extra_forward_pass_existing_evaluation_only,Saved from metrics already computed by the notebook; no additional test-loader evaluation was executed.
C:\CNSM_2026\results\batches\batch_20260702_234319\logs\batch_20260702_234319_exec020_3CNN_LSTM_core.txt,C:\CNSM_2026\results\batches\batch_20260702_234319\executed_notebooks\batch_20260702_234319_exec020_3CNN_LSTM_core_executed.ipynb,C:\CNSM_2026\results\batches\batch_20260702_234319,2026-07-03T06:10:31,batch_20260702_234319,20,batch_20260702_234319_exec020_3CNN_LSTM_core,manual_stage0_dataset,3CNN_LSTM.ipynb,core.exe,ROPModelB,0.6776819418961092,0.5986834909365709,0.4422514727270056,0.5087131565495477,6775.264376521111,0.7041198569334077,0.5781784750437976,184300,40360,75933,60209,0.1796492477521588,0.5577485272729944,43026,43026,,0.1670379638671875,,,,,12.90792965888977,360802,C:\CNSM_2026\results\batches\batch_20260702_234319\runs\exec020_3CNN_LSTM_core\model\checkpoint_state_dict.pth,C:\CNSM_2026\results\batches\batch_20260702_234319\runs\exec020_3CNN_LSTM_core,not_available_without_extra_forward_pass_existing_evaluation_only,Saved from metrics already computed by the notebook; no additional test-loader evaluation was executed.
C:\CNSM_2026\results\batches\batch_20260702_234319\logs\batch_20260702_234319_exec021_3CNN_LSTM_linear_alg-mid-100x100-sp.txt,C:\CNSM_2026\results\batches\batch_20260702_234319\executed_notebooks\batch_20260702_234319_exec021_3CNN_LSTM_linear_alg-mid-100x100-sp_executed.ipynb,C:\CNSM_2026\results\batches\batch_20260702_234319,2026-07-03T06:10:46,batch_20260702_234319,21,batch_20260702_234319_exec021_3CNN_LSTM_linear_alg-mid-100x100-sp,manual_stage0_dataset,3CNN_LSTM.ipynb,linear_alg-mid-100x100-sp.exe,ROPModelB,0.8150943396226416,0.6545454545454545,0.5454545454545454,0.5950413223140496,4.17316284775734,0.8149840109639105,0.6021940467668067,180,19,30,36,0.0954773869346733,0.4545454545454545,43026,43026,,0.1670379638671875,,,,,0.0100812911987304,265,C:\CNSM_2026\results\batches\batch_20260702_234319\runs\exec021_3CNN_LSTM_linear_alg-mid-100x100-sp\model\checkpoint_state_dict.pth,C:\CNSM_2026\results\batches\batch_20260702_234319\runs\exec021_3CNN_LSTM_linear_alg-mid-100x100-sp,not_available_without_extra_forward_pass_existing_evaluation_only,Saved from metrics already computed by the notebook; no additional test-loader evaluation was executed.
C:\CNSM_2026\results\batches\batch_20260702_234319\logs\batch_20260702_234319_exec022_3CNN_LSTM_loops-all-mid-10k-sp.txt,C:\CNSM_2026\results\batches\batch_20260702_234319\executed_notebooks\batch_20260702_234319_exec022_3CNN_LSTM_loops-all-mid-10k-sp_executed.ipynb,C:\CNSM_2026\results\batches\batch_20260702_234319,2026-07-03T06:12:19,batch_20260702_234319,22,batch_20260702_234319_exec022_3CNN_LSTM_loops-all-mid-10k-sp,manual_stage0_dataset,3CNN_LSTM.ipynb,loops-all-mid-10k-sp.exe,ROPModelB,0.7216672407853945,0.6829896907216495,0.4853479853479853,0.5674518201284796,50.29461696743965,0.7618582411514493,0.6927057588526216,1565,246,562,530,0.1358365543898398,0.5146520146520146,43026,43026,,0.1670379638671875,,,,,0.1000831127166748,2903,C:\CNSM_2026\results\batches\batch_20260702_234319\runs\exec022_3CNN_LSTM_loops-all-mid-10k-sp\model\checkpoint_state_dict.pth,C:\CNSM_2026\results\batches\batch_20260702_234319\runs\exec022_3CNN_LSTM_loops-all-mid-10k-sp,not_available_without_extra_forward_pass_existing_evaluation_only,Saved from metrics already computed by the notebook; no additional test-loader evaluation was executed.
C:\CNSM_2026\results\batches\batch_20260702_234319\logs\batch_20260702_234319_exec023_3CNN_LSTM_nnet_test.txt,C:\CNSM_2026\results\batches\batch_20260702_234319\executed_notebooks\batch_20260702_234319_exec023_3CNN_LSTM_nnet_test_executed.ipynb,C:\CNSM_2026\results\batches\batch_20260702_234319,2026-07-03T06:13:36,batch_20260702_234319,23,batch_20260702_234319_exec023_3CNN_LSTM_nnet_test,manual_stage0_dataset,3CNN_LSTM.ipynb,nnet_test.exe,ROPModelB,0.5851449275362319,0.5825734549138805,0.5329008341056534,0.5566311713455954,44.21954470872879,0.6471366148658133,0.6532964934200638,717,412,504,575,0.3649247121346324,0.4670991658943466,43026,43026,,0.1670379638671875,,,,,0.083991527557373,2208,C:\CNSM_2026\results\batches\batch_20260702_234319\runs\exec023_3CNN_LSTM_nnet_test\model\checkpoint_state_dict.pth,C:\CNSM_2026\results\batches\batch_20260702_234319\runs\exec023_3CNN_LSTM_nnet_test,not_available_without_extra_forward_pass_existing_evaluation_only,Saved from metrics already computed by the notebook; no additional test-loader evaluation was executed.
C:\CNSM_2026\results\batches\batch_20260702_234319\logs\batch_20260702_234319_exec024_3CNN_LSTM_parser-125k.txt,C:\CNSM_2026\results\batches\batch_20260702_234319\executed_notebooks\batch_20260702_234319_exec024_3CNN_LSTM_parser-125k_executed.ipynb,C:\CNSM_2026\results\batches\batch_20260702_234319,2026-07-03T06:13:58,batch_20260702_234319,24,batch_20260702_234319_exec024_3CNN_LSTM_parser-125k,manual_stage0_dataset,3CNN_LSTM.ipynb,parser-125k.exe,ROPModelB,0.5768463073852296,0.5666666666666667,0.4322033898305085,0.4903846153846153,13.07090538740158,0.6261992324912056,0.5785846204344551,187,78,134,102,0.2943396226415094,0.5677966101694916,43026,43026,,0.1670379638671875,,,,,0.0161044597625732,501,C:\CNSM_2026\results\batches\batch_20260702_234319\runs\exec024_3CNN_LSTM_parser-125k\model\checkpoint_state_dict.pth,C:\CNSM_2026\results\batches\batch_20260702_234319\runs\exec024_3CNN_LSTM_parser-125k,not_available_without_extra_forward_pass_existing_evaluation_only,Saved from metrics already computed by the notebook; no additional test-loader evaluation was executed.
C:\CNSM_2026\results\batches\batch_20260702_234319\logs\batch_20260702_234319_exec025_3CNN_LSTM_radix2-big-64k.txt,C:\CNSM_2026\results\batches\batch_20260702_234319\executed_notebooks\batch_20260702_234319_exec025_3CNN_LSTM_radix2-big-64k_executed.ipynb,C:\CNSM_2026\results\batches\batch_20260702_234319,2026-07-03T06:17:50,batch_20260702_234319,25,batch_20260702_234319_exec025_3CNN_LSTM_radix2-big-64k,manual_stage0_dataset,3CNN_LSTM.ipynb,radix2-big-64k.exe,ROPModelB,0.6774853402427383,0.7060285891858297,0.3751651254953765,0.4899719646323053,135.70365765690804,0.7354106926141917,0.6786958399763823,3832,473,1892,1136,0.1098722415795586,0.6248348745046235,43026,43026,,0.1670379638671875,,,,,0.2373080253601074,7333,C:\CNSM_2026\results\batches\batch_20260702_234319\runs\exec025_3CNN_LSTM_radix2-big-64k\model\checkpoint_state_dict.pth,C:\CNSM_2026\results\batches\batch_20260702_234319\runs\exec025_3CNN_LSTM_radix2-big-64k,not_available_without_extra_forward_pass_existing_evaluation_only,Saved from metrics already computed by the notebook; no additional test-loader evaluation was executed.
C:\CNSM_2026\results\batches\batch_20260702_234319\logs\batch_20260702_234319_exec026_3CNN_LSTM_sha-test.txt,C:\CNSM_2026\results\batches\batch_20260702_234319\executed_notebooks\batch_20260702_234319_exec026_3CNN_LSTM_sha-test_executed.ipynb,C:\CNSM_2026\results\batches\batch_20260702_234319,2026-07-03T06:18:01,batch_20260702_234319,26,batch_20260702_234319_exec026_3CNN_LSTM_sha-test,manual_stage0_dataset,3CNN_LSTM.ipynb,sha-test.exe,ROPModelB,0.6713286713286714,0.5806451612903226,0.3461538461538461,0.4337349397590361,3.959008455276489,0.6639898562975486,0.5550079092294357,78,13,34,18,0.1428571428571428,0.6538461538461539,43026,43026,,0.1670379638671875,,,,,0.0059998035430908,143,C:\CNSM_2026\results\batches\batch_20260702_234319\runs\exec026_3CNN_LSTM_sha-test\model\checkpoint_state_dict.pth,C:\CNSM_2026\results\batches\batch_20260702_234319\runs\exec026_3CNN_LSTM_sha-test,not_available_without_extra_forward_pass_existing_evaluation_only,Saved from metrics already computed by the notebook; no additional test-loader evaluation was executed.
C:\CNSM_2026\results\batches\batch_20260702_234319\logs\batch_20260702_234319_exec027_3CNN_LSTM_zip-test.txt,C:\CNSM_2026\results\batches\batch_20260702_234319\executed_notebooks\batch_20260702_234319_exec027_3CNN_LSTM_zip-test_executed.ipynb,C:\CNSM_2026\results\batches\batch_20260702_234319,2026-07-03T06:18:27,batch_20260702_234319,27,batch_20260702_234319_exec027_3CNN_LSTM_zip-test,manual_stage0_dataset,3CNN_LSTM.ipynb,zip-test.exe,ROPModelB,0.9983922829581994,0.9983333333333332,1.0,0.999165971643036,0.0719379301348226,1.0,1.0,22,1,0,599,0.0434782608695652,0.0,43026,43026,,0.1670379638671875,,,,,0.0241200923919677,622,C:\CNSM_2026\results\batches\batch_20260702_234319\runs\exec027_3CNN_LSTM_zip-test\model\checkpoint_state_dict.pth,C:\CNSM_2026\results\batches\batch_20260702_234319\runs\exec027_3CNN_LSTM_zip-test,not_available_without_extra_forward_pass_existing_evaluation_only,Saved from metrics already computed by the notebook; no additional test-loader evaluation was executed.
C:\CNSM_2026\results\batches\batch_20260702_234319\logs\batch_20260702_234319_exec028_4BGRU_cjpeg-rose7-preset.txt,C:\CNSM_2026\results\batches\batch_20260702_234319\executed_notebooks\batch_20260702_234319_exec028_4BGRU_cjpeg-rose7-preset_executed.ipynb,C:\CNSM_2026\results\batches\batch_20260702_234319,2026-07-03T06:20:28,batch_20260702_234319,28,batch_20260702_234319_exec028_4BGRU_cjpeg-rose7-preset,manual_stage0_dataset,4BGRU.ipynb,cjpeg-rose7-preset.exe,BGRUDetector,0.8806234502302515,0.912442396313364,0.8419560595322466,0.875783265757464,0.3265771150082254,0.9411503705205758,0.9426818322894308,1298,114,223,1188,0.0807365439093484,0.1580439404677533,53441,53441,,0.2094621658325195,24502.05525136266,24502.05525136266,24502.05525136266,,,2823,C:\CNSM_2026\results\batches\batch_20260702_234319\runs\exec028_4BGRU_cjpeg-rose7-preset\model\checkpoint_state_dict.pth,C:\CNSM_2026\results\batches\batch_20260702_234319\runs\exec028_4BGRU_cjpeg-rose7-preset,not_available_without_extra_forward_pass_existing_evaluation_only,Saved from metrics already computed by the notebook; no additional test-loader evaluation was executed.
C:\CNSM_2026\results\batches\batch_20260702_234319\logs\batch_20260702_234319_exec029_4BGRU_core.txt,C:\CNSM_2026\results\batches\batch_20260702_234319\executed_notebooks\batch_20260702_234319_exec029_4BGRU_core_executed.ipynb,C:\CNSM_2026\results\batches\batch_20260702_234319,2026-07-03T08:03:52,batch_20260702_234319,29,batch_20260702_234319_exec029_4BGRU_core,manual_stage0_dataset,4BGRU.ipynb,core.exe,BGRUDetector,0.9855350025775912,0.9828220768396752,0.9787721643578028,0.9807929398689106,0.0595877658075159,0.998397451951548,0.9976554745647704,222331,2329,2890,133252,0.0103667764622095,0.0212278356421971,53441,53441,,0.2094621658325195,29106.41944515646,29106.41944515646,29106.41944515646,,,360802,C:\CNSM_2026\results\batches\batch_20260702_234319\runs\exec029_4BGRU_core\model\checkpoint_state_dict.pth,C:\CNSM_2026\results\batches\batch_20260702_234319\runs\exec029_4BGRU_core,not_available_without_extra_forward_pass_existing_evaluation_only,Saved from metrics already computed by the notebook; no additional test-loader evaluation was executed.
C:\CNSM_2026\results\batches\batch_20260702_234319\logs\batch_20260702_234319_exec030_4BGRU_linear_alg-mid-100x100-sp.txt,C:\CNSM_2026\results\batches\batch_20260702_234319\executed_notebooks\batch_20260702_234319_exec030_4BGRU_linear_alg-mid-100x100-sp_executed.ipynb,C:\CNSM_2026\results\batches\batch_20260702_234319,2026-07-03T08:04:10,batch_20260702_234319,30,batch_20260702_234319_exec030_4BGRU_linear_alg-mid-100x100-sp,manual_stage0_dataset,4BGRU.ipynb,linear_alg-mid-100x100-sp.exe,BGRUDetector,0.9056603773584906,0.7530864197530864,0.9242424242424242,0.8299319727891157,0.4235936056901613,0.9624638343231308,0.8912885291970076,179,20,5,61,0.100502512562814,0.0757575757575757,53441,53441,,0.2094621658325195,23921.54269972452,23921.54269972452,23921.54269972452,,,265,C:\CNSM_2026\results\batches\batch_20260702_234319\runs\exec030_4BGRU_linear_alg-mid-100x100-sp\model\checkpoint_state_dict.pth,C:\CNSM_2026\results\batches\batch_20260702_234319\runs\exec030_4BGRU_linear_alg-mid-100x100-sp,not_available_without_extra_forward_pass_existing_evaluation_only,Saved from metrics already computed by the notebook; no additional test-loader evaluation was executed.
C:\CNSM_2026\results\batches\batch_20260702_234319\logs\batch_20260702_234319_exec031_4BGRU_loops-all-mid-10k-sp.txt,C:\CNSM_2026\results\batches\batch_20260702_234319\executed_notebooks\batch_20260702_234319_exec031_4BGRU_loops-all-mid-10k-sp_executed.ipynb,C:\CNSM_2026\results\batches\batch_20260702_234319,2026-07-03T08:06:05,batch_20260702_234319,31,batch_20260702_234319_exec031_4BGRU_loops-all-mid-10k-sp,manual_stage0_dataset,4BGRU.ipynb,loops-all-mid-10k-sp.exe,BGRUDetector,0.9579745091284878,0.954119850187266,0.9331501831501832,0.9435185185185184,0.2245668426882366,0.9870032645432976,0.9828067439127228,1762,49,73,1019,0.0270568746548868,0.0668498168498168,53441,53441,,0.2094621658325195,28985.10881736812,28985.10881736812,28985.10881736812,,,2903,C:\CNSM_2026\results\batches\batch_20260702_234319\runs\exec031_4BGRU_loops-all-mid-10k-sp\model\checkpoint_state_dict.pth,C:\CNSM_2026\results\batches\batch_20260702_234319\runs\exec031_4BGRU_loops-all-mid-10k-sp,not_available_without_extra_forward_pass_existing_evaluation_only,Saved from metrics already computed by the notebook; no additional test-loader evaluation was executed.
C:\CNSM_2026\results\batches\batch_20260702_234319\logs\batch_20260702_234319_exec032_4BGRU_nnet_test.txt,C:\CNSM_2026\results\batches\batch_20260702_234319\executed_notebooks\batch_20260702_234319_exec032_4BGRU_nnet_test_executed.ipynb,C:\CNSM_2026\results\batches\batch_20260702_234319,2026-07-03T08:06:30,batch_20260702_234319,32,batch_20260702_234319_exec032_4BGRU_nnet_test,manual_stage0_dataset,4BGRU.ipynb,nnet_test.exe,BGRUDetector,0.501358695652174,0.4,0.0407784986098239,0.0740117746005046,0.708668299343275,0.4938314270914823,0.4842050051376555,1063,66,1035,44,0.0584588131089459,0.959221501390176,53441,53441,,0.2094621658325195,28593.37741866762,28593.37741866762,28593.37741866762,,,2208,C:\CNSM_2026\results\batches\batch_20260702_234319\runs\exec032_4BGRU_nnet_test\model\checkpoint_state_dict.pth,C:\CNSM_2026\results\batches\batch_20260702_234319\runs\exec032_4BGRU_nnet_test,not_available_without_extra_forward_pass_existing_evaluation_only,Saved from metrics already computed by the notebook; no additional test-loader evaluation was executed.
C:\CNSM_2026\results\batches\batch_20260702_234319\logs\batch_20260702_234319_exec033_4BGRU_parser-125k.txt,C:\CNSM_2026\results\batches\batch_20260702_234319\executed_notebooks\batch_20260702_234319_exec033_4BGRU_parser-125k_executed.ipynb,C:\CNSM_2026\results\batches\batch_20260702_234319,2026-07-03T08:06:38,batch_20260702_234319,33,batch_20260702_234319_exec033_4BGRU_parser-125k,manual_stage0_dataset,4BGRU.ipynb,parser-125k.exe,BGRUDetector,0.5289421157684631,0.0,0.0,0.0,0.7314003395463178,0.5239047009913655,0.5063883728098517,265,0,236,0,0.0,1.0,53441,53441,,0.2094621658325195,29376.31135715484,29376.31135715484,29376.31135715484,,,501,C:\CNSM_2026\results\batches\batch_20260702_234319\runs\exec033_4BGRU_parser-125k\model\checkpoint_state_dict.pth,C:\CNSM_2026\results\batches\batch_20260702_234319\runs\exec033_4BGRU_parser-125k,not_available_without_extra_forward_pass_existing_evaluation_only,Saved from metrics already computed by the notebook; no additional test-loader evaluation was executed.
C:\CNSM_2026\results\batches\batch_20260702_234319\logs\batch_20260702_234319_exec034_4BGRU_radix2-big-64k.txt,C:\CNSM_2026\results\batches\batch_20260702_234319\executed_notebooks\batch_20260702_234319_exec034_4BGRU_radix2-big-64k_executed.ipynb,C:\CNSM_2026\results\batches\batch_20260702_234319,2026-07-03T08:10:22,batch_20260702_234319,34,batch_20260702_234319_exec034_4BGRU_radix2-big-64k,manual_stage0_dataset,4BGRU.ipynb,radix2-big-64k.exe,BGRUDetector,0.9672712396018,0.9493874919406834,0.9725891677675031,0.9608482871125612,0.1418428726695762,0.994801826391542,0.9926922927271168,4148,157,83,2945,0.0364692218350754,0.0274108322324967,53441,53441,,0.2094621658325195,31871.208020434493,31871.208020434493,31871.208020434493,,,7333,C:\CNSM_2026\results\batches\batch_20260702_234319\runs\exec034_4BGRU_radix2-big-64k\model\checkpoint_state_dict.pth,C:\CNSM_2026\results\batches\batch_20260702_234319\runs\exec034_4BGRU_radix2-big-64k,not_available_without_extra_forward_pass_existing_evaluation_only,Saved from metrics already computed by the notebook; no additional test-loader evaluation was executed.
C:\CNSM_2026\results\batches\batch_20260702_234319\logs\batch_20260702_234319_exec035_4BGRU_sha-test.txt,C:\CNSM_2026\results\batches\batch_20260702_234319\executed_notebooks\batch_20260702_234319_exec035_4BGRU_sha-test_executed.ipynb,C:\CNSM_2026\results\batches\batch_20260702_234319,2026-07-03T08:10:30,batch_20260702_234319,35,batch_20260702_234319_exec035_4BGRU_sha-test,manual_stage0_dataset,4BGRU.ipynb,sha-test.exe,BGRUDetector,0.5314685314685315,0.4025974025974026,0.5961538461538461,0.4806201550387597,0.8570284297416261,0.6058748943364328,0.4583172023767096,45,46,21,31,0.5054945054945055,0.4038461538461538,53441,53441,,0.2094621658325195,17663.08778749595,17663.08778749595,17663.08778749595,,,143,C:\CNSM_2026\results\batches\batch_20260702_234319\runs\exec035_4BGRU_sha-test\model\checkpoint_state_dict.pth,C:\CNSM_2026\results\batches\batch_20260702_234319\runs\exec035_4BGRU_sha-test,not_available_without_extra_forward_pass_existing_evaluation_only,Saved from metrics already computed by the notebook; no additional test-loader evaluation was executed.
C:\CNSM_2026\results\batches\batch_20260702_234319\logs\batch_20260702_234319_exec036_4BGRU_zip-test.txt,C:\CNSM_2026\results\batches\batch_20260702_234319\executed_notebooks\batch_20260702_234319_exec036_4BGRU_zip-test_executed.ipynb,C:\CNSM_2026\results\batches\batch_20260702_234319,2026-07-03T08:10:44,batch_20260702_234319,36,batch_20260702_234319_exec036_4BGRU_zip-test,manual_stage0_dataset,4BGRU.ipynb,zip-test.exe,BGRUDetector,0.9967845659163987,0.9966722129783694,1.0,0.9983333333333332,0.0058707532213126,1.0,1.0,21,2,0,599,0.0869565217391304,0.0,53441,53441,,0.2094621658325195,28838.30307853866,28838.30307853866,28838.30307853866,,,622,C:\CNSM_2026\results\batches\batch_20260702_234319\runs\exec036_4BGRU_zip-test\model\checkpoint_state_dict.pth,C:\CNSM_2026\results\batches\batch_20260702_234319\runs\exec036_4BGRU_zip-test,not_available_without_extra_forward_pass_existing_evaluation_only,Saved from metrics already computed by the notebook; no additional test-loader evaluation was executed.
C:\CNSM_2026\results\batches\batch_20260702_234319\logs\batch_20260702_234319_exec037_5GNN_cjpeg-rose7-preset.txt,C:\CNSM_2026\results\batches\batch_20260702_234319\executed_notebooks\batch_20260702_234319_exec037_5GNN_cjpeg-rose7-preset_executed.ipynb,C:\CNSM_2026\results\batches\batch_20260702_234319,2026-07-03T08:11:05,batch_20260702_234319,37,batch_20260702_234319_exec037_5GNN_cjpeg-rose7-preset,manual_stage0_dataset,5GNN.ipynb,cjpeg-rose7-preset.exe,GCNDetector,0.5008855827134254,0.5040983606557377,0.0871722182849043,0.1486404833836858,,0.4937347289507973,0.5004768652349538,1291,121,1288,123,0.0856940509915014,0.9128277817150956,8769,8769,,0.1172361373901367,49719.43657124763,49719.43657124763,49719.43657124763,19.8291015625,,2823,C:\CNSM_2026\results\batches\batch_20260702_234319\runs\exec037_5GNN_cjpeg-rose7-preset\model\checkpoint_state_dict.pth,C:\CNSM_2026\results\batches\batch_20260702_234319\runs\exec037_5GNN_cjpeg-rose7-preset,not_available_without_extra_forward_pass_existing_evaluation_only,Saved from metrics already computed by the notebook; no additional test-loader evaluation was executed.
C:\CNSM_2026\results\batches\batch_20260702_234319\logs\batch_20260702_234319_exec038_5GNN_core.txt,C:\CNSM_2026\results\batches\batch_20260702_234319\executed_notebooks\batch_20260702_234319_exec038_5GNN_core_executed.ipynb,C:\CNSM_2026\results\batches\batch_20260702_234319,2026-07-03T11:08:34,batch_20260702_234319,38,batch_20260702_234319_exec038_5GNN_core,manual_stage0_dataset,5GNN.ipynb,core.exe,GCNDetector,0.5686831004262726,0.4561310258466139,0.7437969179239323,0.5654820407433881,,0.6414908520409804,0.4886191758919129,103920,120740,34880,101262,0.5374343452327962,0.2562030820760676,8769,8769,,0.1172361373901367,52387.873367070926,52387.873367070926,52387.873367070926,19.8291015625,,360802,C:\CNSM_2026\results\batches\batch_20260702_234319\runs\exec038_5GNN_core\model\checkpoint_state_dict.pth,C:\CNSM_2026\results\batches\batch_20260702_234319\runs\exec038_5GNN_core,not_available_without_extra_forward_pass_existing_evaluation_only,Saved from metrics already computed by the notebook; no additional test-loader evaluation was executed.
C:\CNSM_2026\results\batches\batch_20260702_234319\logs\batch_20260702_234319_exec039_5GNN_linear_alg-mid-100x100-sp.txt,C:\CNSM_2026\results\batches\batch_20260702_234319\executed_notebooks\batch_20260702_234319_exec039_5GNN_linear_alg-mid-100x100-sp_executed.ipynb,C:\CNSM_2026\results\batches\batch_20260702_234319,2026-07-03T11:08:43,batch_20260702_234319,39,batch_20260702_234319_exec039_5GNN_linear_alg-mid-100x100-sp,manual_stage0_dataset,5GNN.ipynb,linear_alg-mid-100x100-sp.exe,GCNDetector,0.5018867924528302,0.277027027027027,0.6212121212121212,0.3831775700934579,,0.6077356479366529,0.3894759127594889,92,107,25,41,0.5376884422110553,0.3787878787878788,8769,8769,,0.1172361373901367,49131.39425527281,49131.39425527281,49131.39425527281,19.8291015625,,265,C:\CNSM_2026\results\batches\batch_20260702_234319\runs\exec039_5GNN_linear_alg-mid-100x100-sp\model\checkpoint_state_dict.pth,C:\CNSM_2026\results\batches\batch_20260702_234319\runs\exec039_5GNN_linear_alg-mid-100x100-sp,not_available_without_extra_forward_pass_existing_evaluation_only,Saved from metrics already computed by the notebook; no additional test-loader evaluation was executed.
C:\CNSM_2026\results\batches\batch_20260702_234319\logs\batch_20260702_234319_exec040_5GNN_loops-all-mid-10k-sp.txt,C:\CNSM_2026\results\batches\batch_20260702_234319\executed_notebooks\batch_20260702_234319_exec040_5GNN_loops-all-mid-10k-sp_executed.ipynb,C:\CNSM_2026\results\batches\batch_20260702_234319,2026-07-03T11:09:25,batch_20260702_234319,40,batch_20260702_234319_exec040_5GNN_loops-all-mid-10k-sp,manual_stage0_dataset,5GNN.ipynb,loops-all-mid-10k-sp.exe,GCNDetector,0.5218739235273855,0.4126328217237308,0.6401098901098901,0.501794687724336,,0.5579916586266669,0.4156111103416335,816,995,393,699,0.5494202098288239,0.3598901098901099,8769,8769,,0.1172361373901367,40384.002704538085,40384.002704538085,40384.002704538085,19.8291015625,,2903,C:\CNSM_2026\results\batches\batch_20260702_234319\runs\exec040_5GNN_loops-all-mid-10k-sp\model\checkpoint_state_dict.pth,C:\CNSM_2026\results\batches\batch_20260702_234319\runs\exec040_5GNN_loops-all-mid-10k-sp,not_available_without_extra_forward_pass_existing_evaluation_only,Saved from metrics already computed by the notebook; no additional test-loader evaluation was executed.
C:\CNSM_2026\results\batches\batch_20260702_234319\logs\batch_20260702_234319_exec041_5GNN_nnet_test.txt,C:\CNSM_2026\results\batches\batch_20260702_234319\executed_notebooks\batch_20260702_234319_exec041_5GNN_nnet_test_executed.ipynb,C:\CNSM_2026\results\batches\batch_20260702_234319,2026-07-03T11:09:41,batch_20260702_234319,41,batch_20260702_234319_exec041_5GNN_nnet_test,manual_stage0_dataset,5GNN.ipynb,nnet_test.exe,GCNDetector,0.511322463768116,0.5,0.0046339202965708,0.0091827364554637,,0.4970521863976995,0.4854051906755007,1124,5,1074,5,0.0044286979627989,0.995366079703429,8769,8769,,0.0740232467651367,50572.02751647009,50572.02751647009,50572.02751647009,18.88623046875,,2208,C:\CNSM_2026\results\batches\batch_20260702_234319\runs\exec041_5GNN_nnet_test\model\checkpoint_state_dict.pth,C:\CNSM_2026\results\batches\batch_20260702_234319\runs\exec041_5GNN_nnet_test,not_available_without_extra_forward_pass_existing_evaluation_only,Saved from metrics already computed by the notebook; no additional test-loader evaluation was executed.
C:\CNSM_2026\results\batches\batch_20260702_234319\logs\batch_20260702_234319_exec042_5GNN_parser-125k.txt,C:\CNSM_2026\results\batches\batch_20260702_234319\executed_notebooks\batch_20260702_234319_exec042_5GNN_parser-125k_executed.ipynb,C:\CNSM_2026\results\batches\batch_20260702_234319,2026-07-03T11:09:49,batch_20260702_234319,42,batch_20260702_234319_exec042_5GNN_parser-125k,manual_stage0_dataset,5GNN.ipynb,parser-125k.exe,GCNDetector,0.4910179640718562,0.4748010610079575,0.7584745762711864,0.5840130505709625,,0.5067716661336744,0.4834267670674773,67,198,57,179,0.7471698113207547,0.2415254237288135,8769,8769,,0.0740232467651367,35320.7417248259,35320.7417248259,35320.7417248259,18.88623046875,,501,C:\CNSM_2026\results\batches\batch_20260702_234319\runs\exec042_5GNN_parser-125k\model\checkpoint_state_dict.pth,C:\CNSM_2026\results\batches\batch_20260702_234319\runs\exec042_5GNN_parser-125k,not_available_without_extra_forward_pass_existing_evaluation_only,Saved from metrics already computed by the notebook; no additional test-loader evaluation was executed.
C:\CNSM_2026\results\batches\batch_20260702_234319\logs\batch_20260702_234319_exec043_5GNN_radix2-big-64k.txt,C:\CNSM_2026\results\batches\batch_20260702_234319\executed_notebooks\batch_20260702_234319_exec043_5GNN_radix2-big-64k_executed.ipynb,C:\CNSM_2026\results\batches\batch_20260702_234319,2026-07-03T11:10:15,batch_20260702_234319,43,batch_20260702_234319_exec043_5GNN_radix2-big-64k,manual_stage0_dataset,5GNN.ipynb,radix2-big-64k.exe,GCNDetector,0.4129278603572889,0.4129278603572889,1.0,0.5844995656789885,,0.4906790589419387,0.4021864263239893,0,4305,0,3028,1.0,0.0,8769,8769,,0.1172361373901367,50330.03135128845,50330.03135128845,50330.03135128845,19.8291015625,,7333,C:\CNSM_2026\results\batches\batch_20260702_234319\runs\exec043_5GNN_radix2-big-64k\model\checkpoint_state_dict.pth,C:\CNSM_2026\results\batches\batch_20260702_234319\runs\exec043_5GNN_radix2-big-64k,not_available_without_extra_forward_pass_existing_evaluation_only,Saved from metrics already computed by the notebook; no additional test-loader evaluation was executed.
C:\CNSM_2026\results\batches\batch_20260702_234319\logs\batch_20260702_234319_exec044_5GNN_sha-test.txt,C:\CNSM_2026\results\batches\batch_20260702_234319\executed_notebooks\batch_20260702_234319_exec044_5GNN_sha-test_executed.ipynb,C:\CNSM_2026\results\batches\batch_20260702_234319,2026-07-03T11:10:22,batch_20260702_234319,44,batch_20260702_234319_exec044_5GNN_sha-test,manual_stage0_dataset,5GNN.ipynb,sha-test.exe,GCNDetector,0.5104895104895105,0.4150943396226415,0.8461538461538461,0.5569620253164557,,0.6316568047337279,0.4693617140587733,29,62,8,44,0.6813186813186813,0.1538461538461538,8769,8769,,0.1172361373901367,43496.77416880221,43496.77416880221,43496.77416880221,19.8291015625,,143,C:\CNSM_2026\results\batches\batch_20260702_234319\runs\exec044_5GNN_sha-test\model\checkpoint_state_dict.pth,C:\CNSM_2026\results\batches\batch_20260702_234319\runs\exec044_5GNN_sha-test,not_available_without_extra_forward_pass_existing_evaluation_only,Saved from metrics already computed by the notebook; no additional test-loader evaluation was executed.
C:\CNSM_2026\results\batches\batch_20260702_234319\logs\batch_20260702_234319_exec045_5GNN_zip-test.txt,C:\CNSM_2026\results\batches\batch_20260702_234319\executed_notebooks\batch_20260702_234319_exec045_5GNN_zip-test_executed.ipynb,C:\CNSM_2026\results\batches\batch_20260702_234319,2026-07-03T11:10:43,batch_20260702_234319,45,batch_20260702_234319_exec045_5GNN_zip-test,manual_stage0_dataset,5GNN.ipynb,zip-test.exe,GCNDetector,0.9855305466237942,0.9966329966329966,0.988313856427379,0.9924559932942164,,0.9872250852870726,0.9994632111714572,21,2,7,592,0.0869565217391304,0.011686143572621,8769,8769,,0.0476560592651367,46354.25995476196,46354.25995476196,46354.25995476196,18.11962890625,,622,C:\CNSM_2026\results\batches\batch_20260702_234319\runs\exec045_5GNN_zip-test\model\checkpoint_state_dict.pth,C:\CNSM_2026\results\batches\batch_20260702_234319\runs\exec045_5GNN_zip-test,not_available_without_extra_forward_pass_existing_evaluation_only,Saved from metrics already computed by the notebook; no additional test-loader evaluation was executed.
C:\CNSM_2026\results\batches\batch_20260702_234319\logs\batch_20260702_234319_exec046_6GCN_GRU_cjpeg-rose7-preset.txt,C:\CNSM_2026\results\batches\batch_20260702_234319\executed_notebooks\batch_20260702_234319_exec046_6GCN_GRU_cjpeg-rose7-preset_executed.ipynb,C:\CNSM_2026\results\batches\batch_20260702_234319,2026-07-03T11:12:30,batch_20260702_234319,46,batch_20260702_234319_exec046_6GCN_GRU_cjpeg-rose7-preset,manual_stage0_dataset,6GCN_GRU.ipynb,cjpeg-rose7-preset.exe,GCNGRUDetector,0.9132128940843076,0.9065550906555092,0.9213323883770376,0.9138840070298768,,0.969502823826551,0.9620905282548988,1278,134,111,1300,0.0949008498583569,0.0786676116229624,62785,62785,,0.3240852355957031,35907.13135246275,35907.13135246275,35907.13135246275,65.75390625,,2823,C:\CNSM_2026\results\batches\batch_20260702_234319\runs\exec046_6GCN_GRU_cjpeg-rose7-preset\model\checkpoint_state_dict.pth,C:\CNSM_2026\results\batches\batch_20260702_234319\runs\exec046_6GCN_GRU_cjpeg-rose7-preset,not_available_without_extra_forward_pass_existing_evaluation_only,Saved from metrics already computed by the notebook; no additional test-loader evaluation was executed.
C:\CNSM_2026\results\batches\batch_20260705_132003\logs\batch_20260705_132003_exec001_6GCN_GRU_cjpeg-rose7-preset.txt,C:\CNSM_2026\results\batches\batch_20260705_132003\executed_notebooks\batch_20260705_132003_exec001_6GCN_GRU_cjpeg-rose7-preset_executed.ipynb,C:\CNSM_2026\results\batches\batch_20260705_132003,2026-07-05T13:21:48,batch_20260705_132003,1,batch_20260705_132003_exec001_6GCN_GRU_cjpeg-rose7-preset,manual_stage0_dataset,6GCN_GRU.ipynb,cjpeg-rose7-preset.exe,GCNGRUDetector,0.9132128940843076,0.9065550906555092,0.9213323883770376,0.9138840070298768,,0.969502823826551,0.9620905282548988,1278,134,111,1300,0.0949008498583569,0.0786676116229624,62785,62785,,0.3240852355957031,41760.49500941686,41760.49500941686,41760.49500941686,65.75390625,,2823,C:\CNSM_2026\results\batches\batch_20260705_132003\runs\exec001_6GCN_GRU_cjpeg-rose7-preset\model\checkpoint_state_dict.pth,C:\CNSM_2026\results\batches\batch_20260705_132003\runs\exec001_6GCN_GRU_cjpeg-rose7-preset,not_available_without_extra_forward_pass_existing_evaluation_only,Saved from metrics already computed by the notebook; no additional test-loader evaluation was executed.
C:\CNSM_2026\results\batches\batch_20260705_132003\logs\batch_20260705_132003_exec002_6GCN_GRU_core.txt,C:\CNSM_2026\results\batches\batch_20260705_132003\executed_notebooks\batch_20260705_132003_exec002_6GCN_GRU_core_executed.ipynb,C:\CNSM_2026\results\batches\batch_20260705_132003,2026-07-05T17:14:45,batch_20260705_132003,2,batch_20260705_132003_exec002_6GCN_GRU_core,manual_stage0_dataset,6GCN_GRU.ipynb,core.exe,GCNGRUDetector,0.9634092937400568,0.948371943747447,0.955017555199718,0.9516831480247988,,0.9937708815900682,0.991126833449731,217582,7078,6124,130018,0.031505385916496,0.044982444800282,62785,62785,,0.3240852355957031,41364.5652644458,41364.5652644458,41364.5652644458,65.75390625,,360802,C:\CNSM_2026\results\batches\batch_20260705_132003\runs\exec002_6GCN_GRU_core\model\checkpoint_state_dict.pth,C:\CNSM_2026\results\batches\batch_20260705_132003\runs\exec002_6GCN_GRU_core,not_available_without_extra_forward_pass_existing_evaluation_only,Saved from metrics already computed by the notebook; no additional test-loader evaluation was executed.
C:\CNSM_2026\results\batches\batch_20260705_132003\logs\batch_20260705_132003_exec003_6GCN_GRU_linear_alg-mid-100x100-sp.txt,C:\CNSM_2026\results\batches\batch_20260705_132003\executed_notebooks\batch_20260705_132003_exec003_6GCN_GRU_linear_alg-mid-100x100-sp_executed.ipynb,C:\CNSM_2026\results\batches\batch_20260705_132003,2026-07-05T17:14:55,batch_20260705_132003,3,batch_20260705_132003_exec003_6GCN_GRU_linear_alg-mid-100x100-sp,manual_stage0_dataset,6GCN_GRU.ipynb,linear_alg-mid-100x100-sp.exe,GCNGRUDetector,0.7660377358490567,0.5666666666666667,0.2575757575757575,0.3541666666666667,,0.6285975331201462,0.4215335954949293,186,13,49,17,0.0653266331658291,0.7424242424242424,62785,62785,,0.3240852355957031,33122.46505945108,33122.46505945108,33122.46505945108,65.75390625,,265,C:\CNSM_2026\results\batches\batch_20260705_132003\runs\exec003_6GCN_GRU_linear_alg-mid-100x100-sp\model\checkpoint_state_dict.pth,C:\CNSM_2026\results\batches\batch_20260705_132003\runs\exec003_6GCN_GRU_linear_alg-mid-100x100-sp,not_available_without_extra_forward_pass_existing_evaluation_only,Saved from metrics already computed by the notebook; no additional test-loader evaluation was executed.
C:\CNSM_2026\results\batches\batch_20260705_132003\logs\batch_20260705_132003_exec004_6GCN_GRU_loops-all-mid-10k-sp.txt,C:\CNSM_2026\results\batches\batch_20260705_132003\executed_notebooks\batch_20260705_132003_exec004_6GCN_GRU_loops-all-mid-10k-sp_executed.ipynb,C:\CNSM_2026\results\batches\batch_20260705_132003,2026-07-05T17:16:54,batch_20260705_132003,4,batch_20260705_132003_exec004_6GCN_GRU_loops-all-mid-10k-sp,manual_stage0_dataset,6GCN_GRU.ipynb,loops-all-mid-10k-sp.exe,GCNGRUDetector,0.9111264209438512,0.8933962264150943,0.8672161172161172,0.8801115241635687,,0.9581328389997632,0.9478888574823904,1698,113,145,947,0.0623964660408614,0.1327838827838827,62785,62785,,0.3240852355957031,39077.57548293093,39077.57548293093,39077.57548293093,65.75390625,,2903,C:\CNSM_2026\results\batches\batch_20260705_132003\runs\exec004_6GCN_GRU_loops-all-mid-10k-sp\model\checkpoint_state_dict.pth,C:\CNSM_2026\results\batches\batch_20260705_132003\runs\exec004_6GCN_GRU_loops-all-mid-10k-sp,not_available_without_extra_forward_pass_existing_evaluation_only,Saved from metrics already computed by the notebook; no additional test-loader evaluation was executed.
C:\CNSM_2026\results\batches\batch_20260705_132003\logs\batch_20260705_132003_exec005_6GCN_GRU_nnet_test.txt,C:\CNSM_2026\results\batches\batch_20260705_132003\executed_notebooks\batch_20260705_132003_exec005_6GCN_GRU_nnet_test_executed.ipynb,C:\CNSM_2026\results\batches\batch_20260705_132003,2026-07-05T17:17:09,batch_20260705_132003,5,batch_20260705_132003_exec005_6GCN_GRU_nnet_test,manual_stage0_dataset,6GCN_GRU.ipynb,nnet_test.exe,GCNGRUDetector,0.5203804347826086,0.7083333333333334,0.0315106580166821,0.0603371783496007,,0.5303277564848206,0.5259525771301564,1115,14,1045,34,0.012400354295837,0.968489341983318,62785,62785,,0.2808723449707031,26571.97234065751,26571.97234065751,26571.97234065751,55.05712890625,,2208,C:\CNSM_2026\results\batches\batch_20260705_132003\runs\exec005_6GCN_GRU_nnet_test\model\checkpoint_state_dict.pth,C:\CNSM_2026\results\batches\batch_20260705_132003\runs\exec005_6GCN_GRU_nnet_test,not_available_without_extra_forward_pass_existing_evaluation_only,Saved from metrics already computed by the notebook; no additional test-loader evaluation was executed.
C:\CNSM_2026\results\batches\batch_20260705_132003\logs\batch_20260705_132003_exec006_6GCN_GRU_parser-125k.txt,C:\CNSM_2026\results\batches\batch_20260705_132003\executed_notebooks\batch_20260705_132003_exec006_6GCN_GRU_parser-125k_executed.ipynb,C:\CNSM_2026\results\batches\batch_20260705_132003,2026-07-05T17:17:20,batch_20260705_132003,6,batch_20260705_132003_exec006_6GCN_GRU_parser-125k,manual_stage0_dataset,6GCN_GRU.ipynb,parser-125k.exe,GCNGRUDetector,0.5169660678642715,0.4896551724137931,0.6016949152542372,0.5399239543726235,,0.5533818356251999,0.5194666096649813,117,148,94,142,0.5584905660377358,0.3983050847457627,62785,62785,,0.2808723449707031,35659.5557969047,35659.5557969047,35659.5557969047,55.05712890625,,501,C:\CNSM_2026\results\batches\batch_20260705_132003\runs\exec006_6GCN_GRU_parser-125k\model\checkpoint_state_dict.pth,C:\CNSM_2026\results\batches\batch_20260705_132003\runs\exec006_6GCN_GRU_parser-125k,not_available_without_extra_forward_pass_existing_evaluation_only,Saved from metrics already computed by the notebook; no additional test-loader evaluation was executed.
C:\CNSM_2026\results\batches\batch_20260705_132003\logs\batch_20260705_132003_exec007_6GCN_GRU_radix2-big-64k.txt,C:\CNSM_2026\results\batches\batch_20260705_132003\executed_notebooks\batch_20260705_132003_exec007_6GCN_GRU_radix2-big-64k_executed.ipynb,C:\CNSM_2026\results\batches\batch_20260705_132003,2026-07-05T17:18:32,batch_20260705_132003,7,batch_20260705_132003_exec007_6GCN_GRU_radix2-big-64k,manual_stage0_dataset,6GCN_GRU.ipynb,radix2-big-64k.exe,GCNGRUDetector,0.5891176871675985,0.5298804780876494,0.0439233817701453,0.0811222933821287,,0.5224614016757265,0.43673375064903,4187,118,2895,133,0.0274099883855981,0.9560766182298548,62785,62785,,0.3240852355957031,37289.2337849077,37289.2337849077,37289.2337849077,65.75390625,,7333,C:\CNSM_2026\results\batches\batch_20260705_132003\runs\exec007_6GCN_GRU_radix2-big-64k\model\checkpoint_state_dict.pth,C:\CNSM_2026\results\batches\batch_20260705_132003\runs\exec007_6GCN_GRU_radix2-big-64k,not_available_without_extra_forward_pass_existing_evaluation_only,Saved from metrics already computed by the notebook; no additional test-loader evaluation was executed.
C:\CNSM_2026\results\batches\batch_20260705_132003\logs\batch_20260705_132003_exec008_6GCN_GRU_sha-test.txt,C:\CNSM_2026\results\batches\batch_20260705_132003\executed_notebooks\batch_20260705_132003_exec008_6GCN_GRU_sha-test_executed.ipynb,C:\CNSM_2026\results\batches\batch_20260705_132003,2026-07-05T17:18:41,batch_20260705_132003,8,batch_20260705_132003_exec008_6GCN_GRU_sha-test,manual_stage0_dataset,6GCN_GRU.ipynb,sha-test.exe,GCNGRUDetector,0.5524475524475524,0.4268292682926829,0.6730769230769231,0.5223880597014925,,0.6458157227387996,0.5527092830958177,44,47,17,35,0.5164835164835165,0.3269230769230769,62785,62785,,0.3240852355957031,23509.93540294763,23509.93540294763,23509.93540294763,65.75390625,,143,C:\CNSM_2026\results\batches\batch_20260705_132003\runs\exec008_6GCN_GRU_sha-test\model\checkpoint_state_dict.pth,C:\CNSM_2026\results\batches\batch_20260705_132003\runs\exec008_6GCN_GRU_sha-test,not_available_without_extra_forward_pass_existing_evaluation_only,Saved from metrics already computed by the notebook; no additional test-loader evaluation was executed.
C:\CNSM_2026\results\batches\batch_20260705_132003\logs\batch_20260705_132003_exec009_6GCN_GRU_zip-test.txt,C:\CNSM_2026\results\batches\batch_20260705_132003\executed_notebooks\batch_20260705_132003_exec009_6GCN_GRU_zip-test_executed.ipynb,C:\CNSM_2026\results\batches\batch_20260705_132003,2026-07-05T17:18:52,batch_20260705_132003,9,batch_20260705_132003_exec009_6GCN_GRU_zip-test,manual_stage0_dataset,6GCN_GRU.ipynb,zip-test.exe,GCNGRUDetector,0.964630225080386,1.0,0.963272120200334,0.9812925170068028,,0.999056398345068,0.9999639607768412,23,0,22,577,0.0,0.0367278797996661,62785,62785,,0.2545051574707031,34340.17043345487,34340.17043345487,34340.17043345487,44.37646484375,,622,C:\CNSM_2026\results\batches\batch_20260705_132003\runs\exec009_6GCN_GRU_zip-test\model\checkpoint_state_dict.pth,C:\CNSM_2026\results\batches\batch_20260705_132003\runs\exec009_6GCN_GRU_zip-test,not_available_without_extra_forward_pass_existing_evaluation_only,Saved from metrics already computed by the notebook; no additional test-loader evaluation was executed.
C:\CNSM_2026\results\batches\batch_20260705_132003\logs\batch_20260705_132003_exec010_7CNN_cjpeg-rose7-preset.txt,C:\CNSM_2026\results\batches\batch_20260705_132003\executed_notebooks\batch_20260705_132003_exec010_7CNN_cjpeg-rose7-preset_executed.ipynb,C:\CNSM_2026\results\batches\batch_20260705_132003,2026-07-05T17:19:53,batch_20260705_132003,10,batch_20260705_132003_exec010_7CNN_cjpeg-rose7-preset,manual_stage0_dataset,7CNN.ipynb,cjpeg-rose7-preset.exe,CRAdetectorQuant,0.8402408784980517,0.8755868544600939,0.7930545712260808,0.8322796578653775,0.4244758089594582,0.9219369562904172,0.9162346910706816,1253,159,292,1119,0.1126062322946175,0.2069454287739192,74176,74176,,0.2852020263671875,43490.87132924155,43490.87132924155,43490.87132924155,22.62158203125,,2823,C:\CNSM_2026\results\batches\batch_20260705_132003\runs\exec010_7CNN_cjpeg-rose7-preset\model\checkpoint_state_dict.pth,C:\CNSM_2026\results\batches\batch_20260705_132003\runs\exec010_7CNN_cjpeg-rose7-preset,not_available_without_extra_forward_pass_existing_evaluation_only,Saved from metrics already computed by the notebook; no additional test-loader evaluation was executed.
C:\CNSM_2026\results\batches\batch_20260705_132003\logs\batch_20260705_132003_exec011_7CNN_core.txt,C:\CNSM_2026\results\batches\batch_20260705_132003\executed_notebooks\batch_20260705_132003_exec011_7CNN_core_executed.ipynb,C:\CNSM_2026\results\batches\batch_20260705_132003,2026-07-05T19:19:45,batch_20260705_132003,11,batch_20260705_132003_exec011_7CNN_core,manual_stage0_dataset,7CNN.ipynb,core.exe,CRAdetectorQuant,0.7797268307825345,0.7739786297925833,0.587922904026678,0.6682417963156994,0.4612743578930395,0.845958895784845,0.7942697705770989,201286,23374,56101,80041,0.1040416629573577,0.412077095973322,74176,74176,,0.2852020263671875,37435.14977621853,37435.14977621853,37435.14977621853,22.62158203125,,360802,C:\CNSM_2026\results\batches\batch_20260705_132003\runs\exec011_7CNN_core\model\checkpoint_state_dict.pth,C:\CNSM_2026\results\batches\batch_20260705_132003\runs\exec011_7CNN_core,not_available_without_extra_forward_pass_existing_evaluation_only,Saved from metrics already computed by the notebook; no additional test-loader evaluation was executed.
C:\CNSM_2026\results\batches\batch_20260705_132003\logs\batch_20260705_132003_exec012_7CNN_linear_alg-mid-100x100-sp.txt,C:\CNSM_2026\results\batches\batch_20260705_132003\executed_notebooks\batch_20260705_132003_exec012_7CNN_linear_alg-mid-100x100-sp_executed.ipynb,C:\CNSM_2026\results\batches\batch_20260705_132003,2026-07-05T19:19:59,batch_20260705_132003,12,batch_20260705_132003_exec012_7CNN_linear_alg-mid-100x100-sp,manual_stage0_dataset,7CNN.ipynb,linear_alg-mid-100x100-sp.exe,CRAdetectorQuant,0.8754716981132076,0.8,0.6666666666666666,0.7272727272727273,0.6691045445899637,0.8893710979138115,0.7342731600576902,188,11,22,44,0.0552763819095477,0.3333333333333333,74176,74176,,0.2852020263671875,29161.499672045127,29161.499672045127,29161.499672045127,22.62158203125,,265,C:\CNSM_2026\results\batches\batch_20260705_132003\runs\exec012_7CNN_linear_alg-mid-100x100-sp\model\checkpoint_state_dict.pth,C:\CNSM_2026\results\batches\batch_20260705_132003\runs\exec012_7CNN_linear_alg-mid-100x100-sp,not_available_without_extra_forward_pass_existing_evaluation_only,Saved from metrics already computed by the notebook; no additional test-loader evaluation was executed.
C:\CNSM_2026\results\batches\batch_20260705_132003\logs\batch_20260705_132003_exec013_7CNN_loops-all-mid-10k-sp.txt,C:\CNSM_2026\results\batches\batch_20260705_132003\executed_notebooks\batch_20260705_132003_exec013_7CNN_loops-all-mid-10k-sp_executed.ipynb,C:\CNSM_2026\results\batches\batch_20260705_132003,2026-07-05T19:21:03,batch_20260705_132003,13,batch_20260705_132003_exec013_7CNN_loops-all-mid-10k-sp,manual_stage0_dataset,7CNN.ipynb,loops-all-mid-10k-sp.exe,CRAdetectorQuant,0.8198415432311402,0.7960457856399584,0.7005494505494505,0.7452508524111057,0.4559523440458591,0.8916465919502916,0.8540466595803187,1615,196,327,765,0.1082274986195472,0.2994505494505494,74176,74176,,0.2852020263671875,39910.00797147053,39910.00797147053,39910.00797147053,22.62158203125,,2903,C:\CNSM_2026\results\batches\batch_20260705_132003\runs\exec013_7CNN_loops-all-mid-10k-sp\model\checkpoint_state_dict.pth,C:\CNSM_2026\results\batches\batch_20260705_132003\runs\exec013_7CNN_loops-all-mid-10k-sp,not_available_without_extra_forward_pass_existing_evaluation_only,Saved from metrics already computed by the notebook; no additional test-loader evaluation was executed.
C:\CNSM_2026\results\batches\batch_20260705_132003\logs\batch_20260705_132003_exec014_7CNN_nnet_test.txt,C:\CNSM_2026\results\batches\batch_20260705_132003\executed_notebooks\batch_20260705_132003_exec014_7CNN_nnet_test_executed.ipynb,C:\CNSM_2026\results\batches\batch_20260705_132003,2026-07-05T19:21:54,batch_20260705_132003,14,batch_20260705_132003_exec014_7CNN_nnet_test,manual_stage0_dataset,7CNN.ipynb,nnet_test.exe,CRAdetectorQuant,0.5584239130434783,0.565989847715736,0.4133456904541241,0.4777718264595608,0.7263195592424144,0.6028340383404572,0.630563066820875,787,342,633,446,0.3029229406554473,0.5866543095458758,74176,74176,,0.2852020263671875,32829.5647266514,32829.5647266514,32829.5647266514,22.1318359375,,2208,C:\CNSM_2026\results\batches\batch_20260705_132003\runs\exec014_7CNN_nnet_test\model\checkpoint_state_dict.pth,C:\CNSM_2026\results\batches\batch_20260705_132003\runs\exec014_7CNN_nnet_test,not_available_without_extra_forward_pass_existing_evaluation_only,Saved from metrics already computed by the notebook; no additional test-loader evaluation was executed.
C:\CNSM_2026\results\batches\batch_20260705_132003\logs\batch_20260705_132003_exec015_7CNN_parser-125k.txt,C:\CNSM_2026\results\batches\batch_20260705_132003\executed_notebooks\batch_20260705_132003_exec015_7CNN_parser-125k_executed.ipynb,C:\CNSM_2026\results\batches\batch_20260705_132003,2026-07-05T19:22:10,batch_20260705_132003,15,batch_20260705_132003_exec015_7CNN_parser-125k,manual_stage0_dataset,7CNN.ipynb,parser-125k.exe,CRAdetectorQuant,0.562874251497006,0.554140127388535,0.3686440677966102,0.4427480916030534,1.244846238466556,0.623784777742245,0.5760879571000694,195,70,149,87,0.2641509433962264,0.6313559322033898,74176,74176,,0.2852020263671875,35602.76344413948,35602.76344413948,35602.76344413948,22.1318359375,,501,C:\CNSM_2026\results\batches\batch_20260705_132003\runs\exec015_7CNN_parser-125k\model\checkpoint_state_dict.pth,C:\CNSM_2026\results\batches\batch_20260705_132003\runs\exec015_7CNN_parser-125k,not_available_without_extra_forward_pass_existing_evaluation_only,Saved from metrics already computed by the notebook; no additional test-loader evaluation was executed.
C:\CNSM_2026\results\batches\batch_20260705_132003\logs\batch_20260705_132003_exec016_7CNN_radix2-big-64k.txt,C:\CNSM_2026\results\batches\batch_20260705_132003\executed_notebooks\batch_20260705_132003_exec016_7CNN_radix2-big-64k_executed.ipynb,C:\CNSM_2026\results\batches\batch_20260705_132003,2026-07-05T19:24:41,batch_20260705_132003,16,batch_20260705_132003_exec016_7CNN_radix2-big-64k,manual_stage0_dataset,7CNN.ipynb,radix2-big-64k.exe,CRAdetectorQuant,0.8299468157643529,0.8436896950984176,0.7219286657859973,0.7780743904609361,0.3885290971983183,0.9104238105977966,0.8854153534125719,3900,405,842,2186,0.0940766550522648,0.2780713342140026,74176,74176,,0.2852020263671875,38454.64326643087,38454.64326643087,38454.64326643087,22.62158203125,,7333,C:\CNSM_2026\results\batches\batch_20260705_132003\runs\exec016_7CNN_radix2-big-64k\model\checkpoint_state_dict.pth,C:\CNSM_2026\results\batches\batch_20260705_132003\runs\exec016_7CNN_radix2-big-64k,not_available_without_extra_forward_pass_existing_evaluation_only,Saved from metrics already computed by the notebook; no additional test-loader evaluation was executed.
C:\CNSM_2026\results\batches\batch_20260705_132003\logs\batch_20260705_132003_exec017_7CNN_sha-test.txt,C:\CNSM_2026\results\batches\batch_20260705_132003\executed_notebooks\batch_20260705_132003_exec017_7CNN_sha-test_executed.ipynb,C:\CNSM_2026\results\batches\batch_20260705_132003,2026-07-05T19:24:50,batch_20260705_132003,17,batch_20260705_132003_exec017_7CNN_sha-test,manual_stage0_dataset,7CNN.ipynb,sha-test.exe,CRAdetectorQuant,0.7482517482517482,0.6481481481481481,0.6730769230769231,0.660377358490566,0.9400906162662106,0.7311918850380389,0.6411792885292746,72,19,17,35,0.2087912087912088,0.3269230769230769,74176,74176,,0.2852020263671875,20426.573306542246,20426.573306542246,20426.573306542246,22.62158203125,,143,C:\CNSM_2026\results\batches\batch_20260705_132003\runs\exec017_7CNN_sha-test\model\checkpoint_state_dict.pth,C:\CNSM_2026\results\batches\batch_20260705_132003\runs\exec017_7CNN_sha-test,not_available_without_extra_forward_pass_existing_evaluation_only,Saved from metrics already computed by the notebook; no additional test-loader evaluation was executed.
C:\CNSM_2026\results\batches\batch_20260705_132003\logs\batch_20260705_132003_exec018_7CNN_zip-test.txt,C:\CNSM_2026\results\batches\batch_20260705_132003\executed_notebooks\batch_20260705_132003_exec018_7CNN_zip-test_executed.ipynb,C:\CNSM_2026\results\batches\batch_20260705_132003,2026-07-05T19:25:06,batch_20260705_132003,18,batch_20260705_132003_exec018_7CNN_zip-test,manual_stage0_dataset,7CNN.ipynb,zip-test.exe,CRAdetectorQuant,0.9983922829581994,0.9983333333333332,1.0,0.999165971643036,0.0020338298427685,1.0,1.0,22,1,0,599,0.0434782608695652,0.0,74176,74176,,0.2852020263671875,33409.621166135206,33409.621166135206,33409.621166135206,20.7041015625,,622,C:\CNSM_2026\results\batches\batch_20260705_132003\runs\exec018_7CNN_zip-test\model\checkpoint_state_dict.pth,C:\CNSM_2026\results\batches\batch_20260705_132003\runs\exec018_7CNN_zip-test,not_available_without_extra_forward_pass_existing_evaluation_only,Saved from metrics already computed by the notebook; no additional test-loader evaluation was executed.
